cluster,genres
0.0,Action
0.0,Drama
0.0,Action
0.0,Action
0.0,Action
0.0,Action
0.0,Action
1.0,Comedy
1.0,Comedy
1.0,Action
1.0,Action
1.0,Action
1.0,Action
1.0,Comedy
1.0,Comedy
1.0,Drama
1.0,Comedy
1.0,Action
1.0,Action
1.0,Drama
1.0,Drama
1.0,Action
1.0,Drama
1.0,Comedy
1.0,Action
1.0,Comedy
1.0,Action
1.0,Action
1.0,Drama
1.0,Action
1.0,Comedy
1.0,Comedy
1.0,Drama
1.0,Action
1.0,Action
1.0,Action
1.0,Comedy
1.0,Action
1.0,Comedy
1.0,Drama
1.0,Action
1.0,Action
1.0,Action
1.0,Drama
1.0,Drama
1.0,Drama
1.0,Comedy
1.0,Comedy
1.0,Action
1.0,Comedy
1.0,Drama
1.0,Drama
1.0,Action
1.0,Comedy
1.0,Comedy
1.0,Drama
1.0,Drama
1.0,Comedy
1.0,Drama
1.0,Drama
1.0,Drama
1.0,Action
1.0,Comedy
1.0,Action
1.0,Action
1.0,Drama
1.0,Comedy
1.0,Drama
1.0,Drama
1.0,Comedy
1.0,Comedy
1.0,Comedy
1.0,Action
1.0,Action
1.0,Drama
1.0,Drama
1.0,Comedy
1.0,Drama
1.0,Comedy
1.0,Comedy
1.0,Comedy
1.0,Drama
1.0,Comedy
1.0,Drama
1.0,Action
1.0,Action
1.0,Action
1.0,Action
1.0,Action
1.0,Comedy
1.0,Comedy
1.0,Comedy
1.0,Comedy
1.0,Action
1.0,Drama
1.0,Comedy
1.0,Comedy
1.0,Comedy
1.0,Comedy
1.0,Comedy
1.0,Action
1.0,Drama
1.0,Comedy
1.0,Drama
1.0,Drama
1.0,Action
1.0,Comedy
1.0,Drama
1.0,Comedy
1.0,Action
1.0,Action
1.0,Drama
1.0,Action
1.0,Action
1.0,Drama
1.0,Drama
1.0,Action
1.0,Action
1.0,Action
1.0,Comedy
1.0,Drama
1.0,Drama
1.0,Drama
1.0,Comedy
1.0,Drama
1.0,Comedy
1.0,Comedy
1.0,Action
1.0,Drama
1.0,Comedy
1.0,Comedy
1.0,Action
1.0,Action
1.0,Comedy
1.0,Action
1.0,Action
1.0,Action
1.0,Action
1.0,Comedy
1.0,Comedy
1.0,Comedy
1.0,Comedy
1.0,Action
1.0,Drama
1.0,Comedy
1.0,Action
1.0,Comedy
1.0,Comedy
1.0,Comedy
1.0,Comedy
1.0,Action
1.0,Comedy
1.0,Comedy
1.0,Action
1.0,Action
1.0,Comedy
1.0,Comedy
1.0,Comedy
1.0,Comedy
1.0,Comedy
1.0,Action
1.0,Drama
1.0,Comedy
1.0,Action
1.0,Action
1.0,Action
1.0,Drama
1.0,Action
1.0,Drama
1.0,Action
1.0,Action
1.0,Action
1.0,Comedy
1.0,Drama
1.0,Drama
1.0,Drama
1.0,Drama
1.0,Action
1.0,Drama
1.0,Comedy
1.0,Action
1.0,Comedy
1.0,Drama
1.0,Action
1.0,Comedy
1.0,Action
1.0,Comedy
1.0,Action
1.0,Action
1.0,Action
1.0,Action
1.0,Comedy
1.0,Action
1.0,Action
1.0,Action
1.0,Comedy
1.0,Comedy
1.0,Action
1.0,Comedy
1.0,Drama
1.0,Action
1.0,Action
1.0,Comedy
1.0,Drama
1.0,Drama
1.0,Drama
1.0,Comedy
1.0,Action
1.0,Action
1.0,Action
1.0,Drama
1.0,Drama
1.0,Drama
1.0,Action
1.0,Drama
1.0,Drama
1.0,Comedy
1.0,Comedy
1.0,Action
1.0,Action
1.0,Action
1.0,Comedy
1.0,Drama
1.0,Action
1.0,Action
1.0,Comedy
1.0,Comedy
1.0,Drama
1.0,Action
1.0,Comedy
1.0,Drama
1.0,Drama
1.0,Drama
1.0,Comedy
1.0,Comedy
1.0,Action
1.0,Action
1.0,Action
1.0,Comedy
1.0,Comedy
1.0,Drama
1.0,Action
1.0,Drama
1.0,Action
1.0,Action
1.0,Drama
1.0,Action
2.0,Drama
2.0,Comedy
2.0,Action
2.0,Action
2.0,Action
2.0,Action
2.0,Action
2.0,Drama
2.0,Comedy
2.0,Drama
2.0,Action
2.0,Comedy
2.0,Action
2.0,Action
2.0,Comedy
2.0,Action
2.0,Action
2.0,Action
2.0,Action
2.0,Comedy
2.0,Drama
2.0,Action
2.0,Comedy
2.0,Comedy
2.0,Action
2.0,Action
2.0,Action
2.0,Comedy
2.0,Comedy
2.0,Action
2.0,Drama
2.0,Action
2.0,Action
2.0,Action
2.0,Comedy
2.0,Drama
2.0,Action
2.0,Action
2.0,Action
2.0,Action
2.0,Comedy
2.0,Drama
2.0,Comedy
2.0,Action
2.0,Drama
2.0,Action
2.0,Comedy
2.0,Action
3.0,Comedy
3.0,Drama
3.0,Action
3.0,Drama
3.0,Drama
3.0,Comedy
3.0,Comedy
3.0,Drama
3.0,Drama
3.0,Comedy
3.0,Comedy
3.0,Drama
3.0,Action
3.0,Action
3.0,Comedy
3.0,Action
3.0,Action
3.0,Comedy
3.0,Comedy
3.0,Drama
3.0,Action
3.0,Action
3.0,Action
3.0,Action
3.0,Action
3.0,Action
3.0,Drama
3.0,Comedy
3.0,Action
3.0,Comedy
3.0,Comedy
3.0,Action
3.0,Action
3.0,Action
3.0,Drama
3.0,Action
3.0,Drama
3.0,Drama
3.0,Comedy
3.0,Comedy
3.0,Action
3.0,Action
3.0,Drama
3.0,Action
3.0,Action
3.0,Action
3.0,Action
3.0,Comedy
3.0,Comedy
3.0,Drama
3.0,Drama
3.0,Drama
3.0,Comedy
3.0,Action
3.0,Action
3.0,Comedy
3.0,Action
3.0,Action
3.0,Action
3.0,Comedy
3.0,Action
3.0,Drama
3.0,Drama
3.0,Action
3.0,Drama
3.0,Drama
3.0,Action
3.0,Comedy
3.0,Action
3.0,Drama
3.0,Drama
3.0,Drama
3.0,Comedy
3.0,Action
3.0,Action
3.0,Action
3.0,Comedy
3.0,Action
3.0,Action
3.0,Drama
3.0,Action
3.0,Comedy
3.0,Comedy
3.0,Comedy
3.0,Action
3.0,Drama
3.0,Drama
3.0,Action
3.0,Action
3.0,Action
3.0,Comedy
3.0,Action
3.0,Action
3.0,Action
3.0,Action
3.0,Comedy
3.0,Action
3.0,Drama
3.0,Drama
3.0,Action
3.0,Action
3.0,Action
3.0,Action
3.0,Drama
3.0,Drama
3.0,Comedy
3.0,Drama
3.0,Action
3.0,Action
3.0,Comedy
3.0,Action
3.0,Action
3.0,Action
3.0,Action
3.0,Action
3.0,Drama
3.0,Comedy
3.0,Action
3.0,Comedy
3.0,Comedy
4.0,Drama
4.0,Drama
4.0,Drama
4.0,Comedy
4.0,Drama
4.0,Comedy
4.0,Drama
4.0,Action
4.0,Comedy
4.0,Comedy
4.0,Action
4.0,Comedy
4.0,Drama
4.0,Drama
4.0,Drama
4.0,Drama
4.0,Drama
4.0,Action
4.0,Drama
4.0,Drama
4.0,Drama
4.0,Drama
4.0,Drama
4.0,Action
4.0,Drama
4.0,Action
4.0,Comedy
4.0,Comedy
4.0,Action
4.0,Action
4.0,Drama
4.0,Comedy
4.0,Drama
4.0,Action
4.0,Comedy
4.0,Drama
4.0,Comedy
4.0,Comedy
4.0,Drama
4.0,Drama
4.0,Drama
4.0,Drama
4.0,Drama
4.0,Action
4.0,Drama
4.0,Drama
4.0,Action
4.0,Drama
4.0,Drama
4.0,Drama
4.0,Drama
4.0,Comedy
4.0,Drama
4.0,Drama
4.0,Comedy
4.0,Comedy
4.0,Comedy
4.0,Drama
4.0,Comedy
4.0,Drama
4.0,Comedy
4.0,Comedy
4.0,Comedy
4.0,Comedy
4.0,Comedy
4.0,Action
4.0,Drama
4.0,Drama
4.0,Action
4.0,Action
4.0,Drama
4.0,Comedy
4.0,Drama
4.0,Comedy
4.0,Action
4.0,Action
4.0,Comedy
4.0,Comedy
4.0,Comedy
4.0,Drama
4.0,Drama
4.0,Drama
4.0,Drama
4.0,Comedy
4.0,Comedy
4.0,Action
4.0,Action
4.0,Action
4.0,Drama
4.0,Drama
4.0,Drama
4.0,Drama
4.0,Drama
4.0,Comedy
4.0,Action
4.0,Drama
4.0,Drama
4.0,Comedy
4.0,Action
4.0,Drama
4.0,Action
4.0,Action
4.0,Action
4.0,Drama
4.0,Drama
4.0,Action
4.0,Action
4.0,Drama
4.0,Drama
4.0,Comedy
4.0,Drama
4.0,Drama
4.0,Drama
4.0,Comedy
4.0,Drama
4.0,Drama
4.0,Drama
4.0,Drama
4.0,Drama
4.0,Comedy
4.0,Drama
4.0,Drama
4.0,Drama
4.0,Comedy
4.0,Drama
4.0,Drama
4.0,Comedy
4.0,Comedy
4.0,Drama
4.0,Comedy
4.0,Comedy
4.0,Drama
4.0,Action
4.0,Action
4.0,Comedy
4.0,Drama
4.0,Action
4.0,Drama
4.0,Comedy
4.0,Action
4.0,Action
4.0,Action
4.0,Action
4.0,Drama
4.0,Drama
4.0,Drama
4.0,Drama
4.0,Drama
4.0,Action
4.0,Comedy
4.0,Drama
4.0,Drama
4.0,Drama
4.0,Drama
4.0,Drama
4.0,Drama
4.0,Drama
4.0,Comedy
4.0,Comedy
4.0,Comedy
4.0,Drama
4.0,Action
4.0,Drama
4.0,Drama
4.0,Drama
4.0,Comedy
4.0,Drama
4.0,Drama
4.0,Comedy
4.0,Action
4.0,Comedy
4.0,Drama
4.0,Action
4.0,Drama
4.0,Action
4.0,Drama
4.0,Comedy
4.0,Drama
4.0,Drama
4.0,Drama
4.0,Drama
4.0,Comedy
4.0,Drama
4.0,Action
4.0,Comedy
4.0,Drama
4.0,Action
4.0,Drama
4.0,Comedy
4.0,Comedy
4.0,Drama
4.0,Drama
4.0,Drama
4.0,Drama
4.0,Comedy
4.0,Drama
4.0,Action
4.0,Drama
4.0,Comedy
4.0,Comedy
4.0,Comedy
4.0,Action
4.0,Action
4.0,Comedy
4.0,Action
4.0,Action
4.0,Action
4.0,Drama
4.0,Action
4.0,Drama
4.0,Drama
4.0,Comedy
4.0,Drama
4.0,Comedy
4.0,Action
4.0,Action
4.0,Action
4.0,Drama
4.0,Drama
4.0,Comedy
4.0,Drama
4.0,Drama
4.0,Drama
4.0,Comedy
4.0,Drama
4.0,Comedy
4.0,Drama
4.0,Drama
4.0,Drama
4.0,Drama
4.0,Drama
4.0,Comedy
4.0,Comedy
4.0,Drama
4.0,Action
4.0,Comedy
4.0,Comedy
4.0,Drama
4.0,Comedy
4.0,Drama
4.0,Comedy
4.0,Comedy
4.0,Drama
4.0,Action
4.0,Action
4.0,Drama
4.0,Action
4.0,Drama
4.0,Action
4.0,Comedy
4.0,Drama
4.0,Comedy
4.0,Drama
4.0,Comedy
4.0,Drama
4.0,Action
4.0,Drama
4.0,Drama
4.0,Drama
4.0,Drama
4.0,Comedy
4.0,Drama
4.0,Comedy
4.0,Drama
4.0,Comedy
4.0,Drama
4.0,Comedy
4.0,Drama
4.0,Drama
4.0,Action
4.0,Action
4.0,Action
4.0,Comedy
4.0,Comedy
4.0,Drama
4.0,Action
4.0,Comedy
4.0,Drama
4.0,Action
4.0,Drama
4.0,Drama
4.0,Action
4.0,Comedy
4.0,Drama
4.0,Drama
4.0,Drama
4.0,Comedy
4.0,Action
4.0,Drama
4.0,Comedy
4.0,Comedy
4.0,Comedy
4.0,Drama
4.0,Action
4.0,Drama
4.0,Drama
4.0,Drama
4.0,Action
4.0,Drama
4.0,Drama
4.0,Drama
4.0,Comedy
4.0,Comedy
4.0,Drama
4.0,Drama
4.0,Comedy
4.0,Comedy
4.0,Comedy
4.0,Action
4.0,Comedy
4.0,Comedy
4.0,Action
4.0,Drama
4.0,Drama
4.0,Action
4.0,Comedy
4.0,Action
4.0,Action
4.0,Action
4.0,Action
4.0,Comedy
4.0,Comedy
4.0,Comedy
4.0,Drama
4.0,Comedy
4.0,Drama
4.0,Drama
4.0,Drama
4.0,Drama
4.0,Drama
4.0,Comedy
4.0,Drama
4.0,Drama
4.0,Drama
4.0,Comedy
4.0,Action
4.0,Action
4.0,Comedy
4.0,Drama
4.0,Action
4.0,Comedy
4.0,Comedy
4.0,Drama
4.0,Drama
4.0,Comedy
4.0,Drama
4.0,Drama
4.0,Drama
4.0,Comedy
4.0,Action
4.0,Drama
4.0,Comedy
4.0,Action
4.0,Drama
4.0,Drama
4.0,Drama
4.0,Drama
4.0,Comedy
4.0,Drama
4.0,Drama
4.0,Drama
4.0,Comedy
4.0,Drama
4.0,Drama
4.0,Comedy
4.0,Drama
4.0,Drama
4.0,Comedy
4.0,Drama
4.0,Drama
4.0,Comedy
4.0,Action
4.0,Comedy
4.0,Comedy
4.0,Comedy
4.0,Action
4.0,Drama
4.0,Drama
4.0,Drama
4.0,Drama
4.0,Action
4.0,Action
4.0,Drama
4.0,Comedy
4.0,Drama
4.0,Comedy
4.0,Action
4.0,Comedy
4.0,Drama
4.0,Drama
4.0,Comedy
4.0,Drama
4.0,Drama
4.0,Comedy
4.0,Drama
4.0,Drama
4.0,Action
4.0,Drama
4.0,Drama
4.0,Drama
4.0,Action
4.0,Drama
4.0,Drama
4.0,Drama
4.0,Drama
4.0,Drama
4.0,Comedy
4.0,Drama
4.0,Action
4.0,Comedy
4.0,Comedy
4.0,Drama
4.0,Drama
4.0,Action
4.0,Drama
4.0,Comedy
4.0,Drama
4.0,Comedy
4.0,Drama
4.0,Action
4.0,Drama
4.0,Action
4.0,Action
4.0,Action
4.0,Comedy
4.0,Drama
4.0,Drama
4.0,Comedy
4.0,Action
4.0,Comedy
4.0,Action
4.0,Drama
4.0,Drama
4.0,Drama
4.0,Comedy
4.0,Action
4.0,Drama
4.0,Drama
4.0,Drama
4.0,Drama
4.0,Drama
4.0,Drama
4.0,Drama
4.0,Drama
4.0,Action
4.0,Drama
4.0,Drama
4.0,Drama
4.0,Comedy
4.0,Drama
4.0,Drama
4.0,Comedy
4.0,Drama
4.0,Comedy
4.0,Drama
4.0,Drama
4.0,Drama
4.0,Action
4.0,Comedy
4.0,Drama
4.0,Drama
4.0,Comedy
4.0,Comedy
4.0,Comedy
4.0,Drama
4.0,Action
4.0,Action
4.0,Comedy
4.0,Drama
4.0,Action
4.0,Drama
4.0,Drama
4.0,Drama
4.0,Comedy
4.0,Drama
4.0,Drama
4.0,Drama
4.0,Action
4.0,Drama
4.0,Drama
4.0,Drama
4.0,Drama
4.0,Drama
4.0,Action
4.0,Comedy
4.0,Action
4.0,Comedy
4.0,Drama
4.0,Drama
4.0,Comedy
4.0,Drama
4.0,Comedy
4.0,Drama
4.0,Drama
4.0,Action
4.0,Comedy
4.0,Action
4.0,Comedy
4.0,Comedy
4.0,Comedy
4.0,Drama
4.0,Drama
4.0,Drama
4.0,Action
4.0,Drama
4.0,Comedy
4.0,Drama
4.0,Drama
4.0,Drama
4.0,Drama
4.0,Drama
4.0,Drama
4.0,Drama
4.0,Drama
4.0,Drama
4.0,Drama
4.0,Drama
4.0,Drama
4.0,Drama
4.0,Drama
4.0,Comedy
4.0,Drama
4.0,Drama
4.0,Comedy
4.0,Drama
4.0,Drama
4.0,Drama
4.0,Drama
4.0,Action
4.0,Drama
4.0,Drama
4.0,Comedy
4.0,Drama
4.0,Comedy
4.0,Drama
4.0,Comedy
4.0,Comedy
4.0,Drama
4.0,Drama
4.0,Comedy
4.0,Drama
4.0,Action
4.0,Comedy
4.0,Drama
4.0,Drama
4.0,Action
4.0,Drama
4.0,Drama
4.0,Drama
4.0,Comedy
4.0,Comedy
4.0,Comedy
4.0,Action
4.0,Drama
4.0,Drama
4.0,Comedy
4.0,Comedy
4.0,Drama
4.0,Comedy
4.0,Action
4.0,Drama
4.0,Comedy
4.0,Action
4.0,Drama
4.0,Action
4.0,Drama
4.0,Action
4.0,Comedy
4.0,Comedy
4.0,Comedy
4.0,Drama
4.0,Drama
4.0,Action
4.0,Comedy
4.0,Comedy
4.0,Drama
4.0,Drama
4.0,Drama
4.0,Drama
4.0,Drama
4.0,Comedy
4.0,Comedy
4.0,Comedy
4.0,Drama
4.0,Comedy
4.0,Action
4.0,Action
4.0,Comedy
4.0,Drama
4.0,Comedy
4.0,Action
4.0,Comedy
4.0,Drama
4.0,Drama
4.0,Drama
4.0,Drama
4.0,Comedy
4.0,Comedy
4.0,Comedy
4.0,Drama
4.0,Comedy
4.0,Action
4.0,Drama
4.0,Drama
4.0,Comedy
4.0,Comedy
4.0,Comedy
4.0,Comedy
4.0,Action
4.0,Action
4.0,Drama
4.0,Drama
4.0,Drama
4.0,Drama
4.0,Drama
4.0,Drama
4.0,Comedy
4.0,Comedy
4.0,Drama
4.0,Drama
4.0,Comedy
4.0,Drama
4.0,Comedy
4.0,Comedy
4.0,Comedy
4.0,Drama
4.0,Drama
4.0,Drama
4.0,Drama
4.0,Comedy
4.0,Action
4.0,Drama
4.0,Action
4.0,Action
4.0,Comedy
4.0,Comedy
4.0,Drama
4.0,Comedy
4.0,Comedy
4.0,Drama
4.0,Comedy
4.0,Drama
4.0,Comedy
4.0,Comedy
4.0,Drama
4.0,Drama
4.0,Drama
4.0,Comedy
4.0,Drama
4.0,Comedy
4.0,Comedy
4.0,Drama
4.0,Drama
4.0,Drama
4.0,Comedy
4.0,Comedy
4.0,Comedy
4.0,Drama
4.0,Drama
4.0,Action
4.0,Comedy
4.0,Action
4.0,Drama
4.0,Drama
4.0,Drama
4.0,Drama
4.0,Action
4.0,Action
4.0,Comedy
4.0,Action
4.0,Action
4.0,Drama
4.0,Drama
4.0,Drama
4.0,Comedy
4.0,Drama
4.0,Drama
4.0,Comedy
4.0,Comedy
4.0,Drama
4.0,Action
4.0,Comedy
4.0,Comedy
4.0,Comedy
4.0,Drama
4.0,Drama
4.0,Comedy
4.0,Comedy
4.0,Action
4.0,Comedy
4.0,Drama
4.0,Comedy
4.0,Action
4.0,Drama
4.0,Drama
4.0,Drama
4.0,Drama
4.0,Drama
4.0,Drama
4.0,Comedy
4.0,Comedy
4.0,Comedy
4.0,Drama
4.0,Comedy
4.0,Drama
4.0,Action
4.0,Action
4.0,Drama
4.0,Drama
4.0,Comedy
4.0,Drama
4.0,Comedy
4.0,Drama
4.0,Drama
4.0,Action
4.0,Drama
4.0,Drama
4.0,Drama
4.0,Drama
4.0,Action
4.0,Drama
4.0,Comedy
4.0,Drama
4.0,Drama
4.0,Drama
4.0,Drama
4.0,Drama
4.0,Action
4.0,Drama
4.0,Drama
4.0,Drama
4.0,Action
4.0,Drama
4.0,Comedy
4.0,Action
4.0,Action
4.0,Drama
4.0,Comedy
4.0,Comedy
4.0,Drama
4.0,Drama
4.0,Comedy
4.0,Action
4.0,Comedy
4.0,Drama
4.0,Comedy
4.0,Drama
4.0,Comedy
4.0,Comedy
4.0,Comedy
4.0,Action
4.0,Comedy
4.0,Action
4.0,Drama
4.0,Drama
4.0,Comedy
4.0,Drama
4.0,Drama
4.0,Comedy
4.0,Action
4.0,Comedy
4.0,Action
4.0,Drama
4.0,Drama
4.0,Drama
4.0,Drama
4.0,Drama
4.0,Drama
4.0,Action
4.0,Drama
4.0,Action
4.0,Drama
4.0,Drama
4.0,Action
4.0,Drama
4.0,Comedy
4.0,Comedy
4.0,Action
4.0,Action
4.0,Comedy
4.0,Comedy
4.0,Action
4.0,Drama
4.0,Action
4.0,Action
4.0,Action
4.0,Drama
4.0,Action
4.0,Drama
4.0,Drama
4.0,Drama
4.0,Drama
4.0,Drama
4.0,Action
4.0,Action
4.0,Action
4.0,Comedy
4.0,Action
4.0,Comedy
4.0,Drama
4.0,Drama
4.0,Comedy
4.0,Drama
4.0,Action
4.0,Action
4.0,Drama
4.0,Drama
4.0,Drama
4.0,Comedy
4.0,Comedy
4.0,Drama
4.0,Comedy
4.0,Action
4.0,Drama
4.0,Action
4.0,Action
4.0,Comedy
4.0,Comedy
4.0,Drama
4.0,Comedy
4.0,Drama
4.0,Action
4.0,Comedy
4.0,Comedy
4.0,Comedy
4.0,Drama
4.0,Comedy
4.0,Comedy
4.0,Comedy
4.0,Comedy
4.0,Comedy
4.0,Drama
4.0,Action
4.0,Comedy
4.0,Comedy
4.0,Action
4.0,Action
4.0,Drama
4.0,Action
4.0,Comedy
4.0,Drama
4.0,Drama
4.0,Drama
4.0,Action
4.0,Comedy
4.0,Comedy
4.0,Action
4.0,Comedy
4.0,Comedy
4.0,Drama
4.0,Action
4.0,Drama
4.0,Comedy
4.0,Action
4.0,Drama
4.0,Action
4.0,Comedy
4.0,Action
4.0,Drama
4.0,Action
4.0,Drama
4.0,Drama
4.0,Drama
4.0,Drama
4.0,Comedy
4.0,Comedy
4.0,Action
4.0,Comedy
4.0,Drama
4.0,Action
4.0,Action
4.0,Drama
4.0,Drama
4.0,Comedy
4.0,Drama
4.0,Comedy
4.0,Comedy
4.0,Comedy
4.0,Drama
4.0,Comedy
4.0,Drama
4.0,Action
4.0,Comedy
4.0,Comedy
4.0,Action
4.0,Comedy
4.0,Drama
4.0,Comedy
4.0,Drama
4.0,Action
4.0,Comedy
4.0,Drama
4.0,Action
4.0,Action
4.0,Drama
4.0,Drama
4.0,Drama
4.0,Drama
4.0,Comedy
4.0,Action
4.0,Drama
4.0,Comedy
4.0,Action
4.0,Action
4.0,Drama
4.0,Comedy
4.0,Comedy
4.0,Comedy
4.0,Action
4.0,Drama
4.0,Drama
4.0,Action
4.0,Drama
4.0,Action
4.0,Action
4.0,Comedy
4.0,Comedy
4.0,Action
4.0,Comedy
4.0,Action
4.0,Drama
4.0,Comedy
4.0,Drama
4.0,Comedy
4.0,Drama
4.0,Action
4.0,Action
4.0,Comedy
4.0,Drama
4.0,Comedy
4.0,Comedy
4.0,Action
4.0,Action
4.0,Comedy
4.0,Comedy
4.0,Drama
4.0,Action
4.0,Comedy
4.0,Comedy
4.0,Comedy
4.0,Comedy
4.0,Drama
4.0,Drama
4.0,Comedy
4.0,Action
4.0,Action
4.0,Drama
4.0,Drama
4.0,Comedy
4.0,Comedy
4.0,Drama
4.0,Action
4.0,Drama
4.0,Drama
4.0,Comedy
4.0,Drama
4.0,Comedy
4.0,Drama
4.0,Comedy
4.0,Drama
4.0,Action
4.0,Comedy
4.0,Action
4.0,Drama
4.0,Action
4.0,Drama
4.0,Comedy
4.0,Comedy
4.0,Drama
4.0,Comedy
4.0,Drama
4.0,Comedy
4.0,Action
4.0,Action
4.0,Drama
4.0,Drama
4.0,Comedy
4.0,Comedy
4.0,Comedy
4.0,Comedy
4.0,Drama
4.0,Drama
4.0,Comedy
4.0,Drama
4.0,Drama
4.0,Comedy
4.0,Action
4.0,Action
4.0,Drama
4.0,Drama
4.0,Comedy
4.0,Drama
4.0,Drama
4.0,Comedy
4.0,Comedy
4.0,Comedy
4.0,Action
4.0,Action
4.0,Drama
4.0,Drama
4.0,Drama
4.0,Drama
4.0,Drama
4.0,Comedy
4.0,Comedy
4.0,Comedy
4.0,Comedy
4.0,Drama
4.0,Comedy
4.0,Comedy
4.0,Comedy
4.0,Comedy
4.0,Comedy
4.0,Drama
4.0,Drama
4.0,Drama
4.0,Drama
4.0,Drama
4.0,Drama
4.0,Drama
4.0,Comedy
4.0,Comedy
4.0,Drama
4.0,Comedy
4.0,Drama
4.0,Action
4.0,Drama
4.0,Drama
4.0,Comedy
4.0,Drama
4.0,Comedy
4.0,Drama
4.0,Drama
4.0,Comedy
4.0,Drama
4.0,Action
4.0,Drama
4.0,Action
4.0,Drama
4.0,Drama
4.0,Action
4.0,Drama
4.0,Action
4.0,Comedy
4.0,Action
4.0,Comedy
4.0,Comedy
4.0,Action
4.0,Drama
4.0,Drama
4.0,Action
4.0,Action
4.0,Drama
4.0,Drama
4.0,Action
4.0,Action
4.0,Drama
4.0,Drama
4.0,Drama
4.0,Drama
4.0,Comedy
4.0,Drama
4.0,Comedy
4.0,Action
4.0,Comedy
4.0,Comedy
4.0,Action
4.0,Comedy
4.0,Comedy
4.0,Comedy
4.0,Comedy
4.0,Drama
4.0,Drama
4.0,Action
4.0,Drama
4.0,Drama
4.0,Action
4.0,Drama
4.0,Action
4.0,Drama
4.0,Comedy
4.0,Comedy
4.0,Action
4.0,Drama
4.0,Drama
4.0,Comedy
4.0,Action
4.0,Drama
4.0,Comedy
4.0,Comedy
4.0,Action
4.0,Drama
4.0,Comedy
4.0,Action
4.0,Drama
4.0,Action
4.0,Drama
4.0,Comedy
4.0,Drama
4.0,Drama
4.0,Comedy
4.0,Comedy
4.0,Comedy
4.0,Comedy
4.0,Comedy
4.0,Comedy
4.0,Action
4.0,Comedy
4.0,Drama
4.0,Drama
4.0,Action
4.0,Comedy
4.0,Drama
4.0,Comedy
4.0,Drama
4.0,Comedy
4.0,Comedy
4.0,Drama
4.0,Comedy
4.0,Action
4.0,Drama
4.0,Drama
4.0,Drama
4.0,Comedy
4.0,Drama
4.0,Comedy
4.0,Drama
4.0,Drama
4.0,Comedy
4.0,Comedy
4.0,Drama
4.0,Comedy
4.0,Comedy
4.0,Drama
4.0,Drama
4.0,Drama
4.0,Comedy
4.0,Drama
4.0,Drama
4.0,Drama
4.0,Drama
4.0,Action
4.0,Drama
4.0,Comedy
4.0,Comedy
4.0,Comedy
4.0,Action
4.0,Drama
4.0,Action
4.0,Action
4.0,Comedy
4.0,Action
4.0,Action
4.0,Drama
4.0,Comedy
4.0,Drama
4.0,Drama
4.0,Comedy
4.0,Action
4.0,Action
4.0,Comedy
4.0,Comedy
4.0,Comedy
4.0,Drama
4.0,Comedy
4.0,Comedy
4.0,Action
4.0,Drama
4.0,Action
4.0,Drama
4.0,Comedy
4.0,Comedy
4.0,Comedy
4.0,Action
4.0,Drama
4.0,Drama
4.0,Drama
4.0,Comedy
4.0,Comedy
4.0,Comedy
4.0,Drama
4.0,Comedy
4.0,Comedy
4.0,Drama
4.0,Action
4.0,Drama
4.0,Action
4.0,Comedy
4.0,Drama
4.0,Drama
4.0,Comedy
4.0,Comedy
4.0,Drama
4.0,Drama
4.0,Action
4.0,Comedy
4.0,Drama
4.0,Comedy
4.0,Comedy
4.0,Action
4.0,Action
4.0,Action
4.0,Drama
4.0,Drama
4.0,Action
4.0,Comedy
4.0,Action
4.0,Drama
4.0,Drama
4.0,Drama
4.0,Action
4.0,Drama
4.0,Comedy
4.0,Drama
4.0,Comedy
4.0,Action
4.0,Comedy
4.0,Drama
4.0,Drama
4.0,Comedy
4.0,Comedy
4.0,Drama
4.0,Action
4.0,Comedy
4.0,Action
4.0,Action
4.0,Drama
4.0,Comedy
4.0,Comedy
4.0,Comedy
4.0,Drama
4.0,Drama
4.0,Comedy
4.0,Comedy
4.0,Comedy
4.0,Action
4.0,Drama
4.0,Comedy
4.0,Drama
4.0,Drama
4.0,Drama
4.0,Drama
4.0,Comedy
4.0,Drama
4.0,Comedy
4.0,Drama
4.0,Comedy
4.0,Action
4.0,Action
4.0,Drama
4.0,Comedy
4.0,Drama
4.0,Drama
4.0,Drama
4.0,Action
4.0,Drama
4.0,Drama
4.0,Drama
4.0,Comedy
4.0,Drama
4.0,Drama
4.0,Drama
4.0,Drama
4.0,Comedy
4.0,Drama
4.0,Comedy
4.0,Drama
4.0,Comedy
4.0,Drama
4.0,Comedy
4.0,Action
4.0,Drama
4.0,Action
4.0,Comedy
4.0,Action
4.0,Comedy
4.0,Action
4.0,Comedy
4.0,Action
4.0,Drama
4.0,Action
4.0,Drama
4.0,Comedy
4.0,Drama
4.0,Comedy
4.0,Comedy
4.0,Action
4.0,Drama
4.0,Drama
4.0,Drama
4.0,Action
4.0,Drama
4.0,Drama
4.0,Comedy
4.0,Drama
4.0,Drama
4.0,Drama
4.0,Drama
4.0,Comedy
4.0,Comedy
4.0,Comedy
4.0,Drama
4.0,Comedy
4.0,Comedy
4.0,Drama
4.0,Drama
4.0,Drama
4.0,Drama
4.0,Drama
4.0,Comedy
4.0,Comedy
4.0,Drama
4.0,Drama
4.0,Comedy
4.0,Drama
4.0,Drama
4.0,Drama
4.0,Comedy
4.0,Drama
4.0,Drama
4.0,Comedy
4.0,Comedy
4.0,Comedy
4.0,Comedy
4.0,Drama
4.0,Drama
4.0,Comedy
4.0,Drama
4.0,Drama
4.0,Drama
4.0,Drama
4.0,Drama
4.0,Drama
4.0,Action
4.0,Action
4.0,Action
4.0,Drama
4.0,Drama
4.0,Action
4.0,Action
4.0,Comedy
4.0,Comedy
4.0,Drama
4.0,Comedy
4.0,Drama
4.0,Drama
4.0,Comedy
4.0,Action
4.0,Comedy
4.0,Drama
4.0,Drama
4.0,Comedy
4.0,Comedy
4.0,Drama
4.0,Drama
4.0,Drama
4.0,Drama
4.0,Comedy
4.0,Drama
4.0,Comedy
4.0,Drama
4.0,Action
4.0,Drama
4.0,Comedy
4.0,Drama
4.0,Comedy
4.0,Comedy
4.0,Drama
4.0,Comedy
4.0,Drama
4.0,Drama
4.0,Comedy
4.0,Comedy
4.0,Drama
4.0,Comedy
4.0,Comedy
4.0,Comedy
4.0,Comedy
4.0,Drama
4.0,Drama
4.0,Comedy
4.0,Drama
4.0,Drama
4.0,Action
4.0,Drama
4.0,Action
4.0,Comedy
4.0,Comedy
4.0,Drama
4.0,Comedy
4.0,Drama
4.0,Drama
4.0,Drama
4.0,Comedy
4.0,Drama
4.0,Action
4.0,Action
4.0,Action
4.0,Action
4.0,Drama
4.0,Drama
4.0,Drama
4.0,Drama
4.0,Drama
4.0,Drama
4.0,Drama
4.0,Action
4.0,Drama
4.0,Comedy
4.0,Drama
4.0,Action
4.0,Action
4.0,Comedy
4.0,Drama
4.0,Drama
4.0,Comedy
4.0,Comedy
4.0,Action
4.0,Action
4.0,Action
4.0,Drama
4.0,Action
4.0,Drama
4.0,Drama
4.0,Comedy
4.0,Action
4.0,Comedy
4.0,Drama
4.0,Drama
4.0,Comedy
4.0,Comedy
4.0,Comedy
4.0,Drama
4.0,Action
4.0,Action
4.0,Comedy
4.0,Comedy
4.0,Comedy
4.0,Action
4.0,Action
4.0,Drama
4.0,Comedy
5.0,Drama
5.0,Action
5.0,Drama
5.0,Action
5.0,Comedy
5.0,Comedy
5.0,Comedy
5.0,Action
5.0,Drama
5.0,Action
5.0,Drama
5.0,Drama
5.0,Action
5.0,Comedy
5.0,Action
5.0,Comedy
5.0,Action
5.0,Drama
5.0,Comedy
5.0,Action
5.0,Drama
5.0,Comedy
5.0,Drama
5.0,Drama
5.0,Comedy
5.0,Comedy
5.0,Action
5.0,Comedy
5.0,Action
5.0,Action
5.0,Action
5.0,Comedy
5.0,Action
5.0,Action
5.0,Action
5.0,Drama
5.0,Comedy
5.0,Drama
5.0,Drama
5.0,Drama
5.0,Action
5.0,Action
5.0,Comedy
5.0,Action
5.0,Drama
5.0,Comedy
5.0,Comedy
5.0,Drama
5.0,Comedy
5.0,Action
5.0,Comedy
5.0,Comedy
5.0,Action
5.0,Drama
5.0,Action
5.0,Action
5.0,Drama
5.0,Action
5.0,Drama
5.0,Comedy
5.0,Drama
5.0,Drama
5.0,Action
5.0,Action
5.0,Comedy
5.0,Drama
5.0,Comedy
5.0,Drama
5.0,Action
5.0,Drama
5.0,Comedy
5.0,Drama
5.0,Action
5.0,Comedy
5.0,Comedy
5.0,Action
5.0,Action
5.0,Drama
5.0,Comedy
5.0,Action
5.0,Drama
5.0,Comedy
5.0,Drama
5.0,Action
5.0,Action
5.0,Action
5.0,Drama
5.0,Action
5.0,Comedy
5.0,Action
5.0,Comedy
5.0,Action
5.0,Comedy
5.0,Drama
5.0,Drama
5.0,Comedy
5.0,Action
5.0,Comedy
5.0,Drama
5.0,Comedy
5.0,Comedy
5.0,Drama
5.0,Drama
5.0,Action
5.0,Drama
5.0,Comedy
5.0,Action
5.0,Comedy
5.0,Drama
5.0,Drama
5.0,Action
5.0,Drama
5.0,Drama
5.0,Action
5.0,Action
5.0,Comedy
5.0,Comedy
5.0,Drama
5.0,Drama
5.0,Comedy
5.0,Comedy
5.0,Drama
5.0,Drama
5.0,Action
5.0,Action
5.0,Drama
5.0,Drama
5.0,Action
5.0,Drama
5.0,Comedy
5.0,Comedy
5.0,Drama
5.0,Action
5.0,Drama
5.0,Action
5.0,Drama
5.0,Comedy
5.0,Comedy
5.0,Comedy
5.0,Drama
5.0,Action
5.0,Drama
5.0,Drama
5.0,Comedy
5.0,Drama
5.0,Action
5.0,Comedy
5.0,Drama
5.0,Comedy
5.0,Comedy
5.0,Action
5.0,Action
5.0,Action
5.0,Drama
5.0,Drama
5.0,Action
5.0,Action
5.0,Action
5.0,Drama
5.0,Comedy
5.0,Action
5.0,Action
5.0,Drama
5.0,Action
5.0,Action
5.0,Action
5.0,Action
5.0,Drama
5.0,Drama
5.0,Comedy
5.0,Comedy
5.0,Action
5.0,Drama
5.0,Comedy
5.0,Drama
5.0,Comedy
5.0,Action
5.0,Drama
5.0,Drama
5.0,Action
5.0,Drama
5.0,Comedy
5.0,Action
5.0,Comedy
5.0,Action
5.0,Action
5.0,Action
5.0,Comedy
5.0,Drama
5.0,Drama
5.0,Drama
5.0,Comedy
5.0,Drama
5.0,Drama
5.0,Drama
5.0,Drama
5.0,Drama
5.0,Drama
5.0,Drama
5.0,Comedy
5.0,Drama
5.0,Drama
5.0,Action
5.0,Action
5.0,Action
5.0,Action
5.0,Action
5.0,Drama
5.0,Comedy
5.0,Comedy
5.0,Drama
5.0,Drama
5.0,Action
5.0,Comedy
5.0,Comedy
5.0,Action
5.0,Action
5.0,Action
5.0,Drama
5.0,Drama
5.0,Action
5.0,Comedy
5.0,Drama
5.0,Comedy
5.0,Comedy
5.0,Action
5.0,Drama
5.0,Action
5.0,Action
5.0,Comedy
5.0,Action
5.0,Action
5.0,Comedy
5.0,Action
5.0,Action
5.0,Comedy
5.0,Drama
5.0,Drama
5.0,Comedy
5.0,Action
5.0,Action
5.0,Comedy
5.0,Comedy
5.0,Drama
5.0,Comedy
5.0,Comedy
5.0,Drama
5.0,Action
5.0,Drama
5.0,Action
5.0,Comedy
5.0,Drama
5.0,Drama
5.0,Comedy
5.0,Drama
5.0,Action
5.0,Comedy
5.0,Comedy
5.0,Drama
5.0,Drama
5.0,Comedy
5.0,Action
5.0,Comedy
5.0,Action
5.0,Drama
5.0,Drama
5.0,Comedy
5.0,Drama
5.0,Drama
5.0,Comedy
5.0,Drama
5.0,Action
5.0,Action
5.0,Action
5.0,Action
5.0,Action
5.0,Drama
5.0,Action
5.0,Drama
5.0,Comedy
5.0,Action
5.0,Action
5.0,Action
5.0,Drama
5.0,Action
5.0,Comedy
5.0,Action
5.0,Comedy
5.0,Action
5.0,Drama
5.0,Comedy
5.0,Action
5.0,Drama
5.0,Comedy
5.0,Comedy
5.0,Action
5.0,Drama
5.0,Drama
5.0,Action
5.0,Comedy
5.0,Comedy
5.0,Comedy
5.0,Action
5.0,Action
5.0,Comedy
5.0,Drama
5.0,Comedy
5.0,Drama
5.0,Action
5.0,Comedy
5.0,Comedy
5.0,Comedy
5.0,Action
5.0,Drama
5.0,Drama
5.0,Action
5.0,Action
5.0,Action
5.0,Action
5.0,Drama
5.0,Drama
5.0,Action
5.0,Drama
5.0,Drama
5.0,Action
5.0,Drama
5.0,Action
5.0,Drama
5.0,Drama
5.0,Comedy
5.0,Action
5.0,Comedy
5.0,Action
5.0,Action
5.0,Action
5.0,Drama
5.0,Action
5.0,Comedy
5.0,Action
5.0,Action
5.0,Drama
5.0,Drama
5.0,Action
5.0,Drama
5.0,Comedy
5.0,Action
5.0,Action
5.0,Action
5.0,Drama
5.0,Action
5.0,Drama
5.0,Action
5.0,Action
5.0,Action
5.0,Action
5.0,Comedy
5.0,Action
5.0,Action
5.0,Comedy
5.0,Drama
5.0,Comedy
5.0,Action
5.0,Drama
5.0,Drama
5.0,Drama
5.0,Action
5.0,Drama
5.0,Drama
5.0,Action
5.0,Comedy
5.0,Drama
5.0,Action
5.0,Comedy
5.0,Drama
5.0,Comedy
5.0,Comedy
5.0,Action
5.0,Drama
5.0,Drama
5.0,Drama
5.0,Action
5.0,Action
5.0,Drama
5.0,Drama
5.0,Drama
5.0,Drama
5.0,Action
5.0,Drama
5.0,Comedy
5.0,Action
5.0,Comedy
5.0,Drama
5.0,Comedy
5.0,Drama
5.0,Drama
5.0,Action
5.0,Action
5.0,Action
5.0,Action
5.0,Action
6.0,Comedy
6.0,Action
6.0,Drama
6.0,Action
6.0,Action
6.0,Comedy
6.0,Drama
6.0,Drama
6.0,Comedy
6.0,Comedy
6.0,Drama
6.0,Action
6.0,Comedy
6.0,Comedy
6.0,Comedy
6.0,Drama
6.0,Drama
6.0,Drama
6.0,Drama
6.0,Comedy
6.0,Action
6.0,Action
6.0,Drama
6.0,Comedy
6.0,Drama
6.0,Drama
6.0,Comedy
6.0,Action
6.0,Comedy
6.0,Drama
6.0,Drama
6.0,Drama
6.0,Drama
6.0,Action
6.0,Action
6.0,Action
6.0,Comedy
6.0,Action
6.0,Drama
6.0,Comedy
6.0,Action
6.0,Action
6.0,Action
6.0,Action
6.0,Drama
6.0,Action
6.0,Comedy
6.0,Action
6.0,Drama
6.0,Comedy
6.0,Comedy
6.0,Drama
6.0,Action
6.0,Comedy
6.0,Drama
6.0,Action
6.0,Action
6.0,Action
6.0,Drama
6.0,Comedy
6.0,Comedy
6.0,Comedy
6.0,Drama
6.0,Comedy
6.0,Action
6.0,Comedy
6.0,Drama
6.0,Comedy
6.0,Action
6.0,Comedy
6.0,Drama
6.0,Action
6.0,Drama
6.0,Drama
6.0,Drama
6.0,Drama
6.0,Drama
6.0,Action
6.0,Action
6.0,Comedy
6.0,Comedy
6.0,Comedy
6.0,Drama
6.0,Comedy
6.0,Comedy
6.0,Comedy
6.0,Drama
6.0,Drama
6.0,Action
6.0,Drama
6.0,Comedy
6.0,Drama
6.0,Action
6.0,Action
6.0,Drama
6.0,Comedy
6.0,Comedy
6.0,Drama
6.0,Comedy
6.0,Comedy
6.0,Comedy
6.0,Drama
6.0,Action
6.0,Comedy
6.0,Action
6.0,Action
6.0,Comedy
6.0,Comedy
6.0,Drama
6.0,Drama
6.0,Drama
6.0,Drama
6.0,Drama
6.0,Action
6.0,Action
6.0,Comedy
6.0,Comedy
6.0,Comedy
6.0,Drama
6.0,Action
6.0,Action
6.0,Comedy
6.0,Drama
6.0,Drama
6.0,Comedy
6.0,Comedy
6.0,Action
6.0,Drama
6.0,Comedy
6.0,Action
6.0,Drama
6.0,Drama
6.0,Action
6.0,Comedy
6.0,Comedy
6.0,Action
6.0,Drama
6.0,Drama
6.0,Comedy
6.0,Action
6.0,Drama
6.0,Action
6.0,Drama
6.0,Comedy
6.0,Action
6.0,Drama
6.0,Comedy
6.0,Comedy
6.0,Comedy
6.0,Drama
6.0,Drama
6.0,Action
6.0,Drama
6.0,Comedy
6.0,Comedy
6.0,Drama
6.0,Action
6.0,Comedy
6.0,Action
6.0,Comedy
6.0,Drama
6.0,Comedy
6.0,Action
6.0,Drama
6.0,Comedy
6.0,Action
6.0,Drama
6.0,Drama
6.0,Action
6.0,Action
6.0,Comedy
6.0,Drama
6.0,Drama
6.0,Drama
6.0,Comedy
6.0,Comedy
6.0,Comedy
6.0,Action
6.0,Drama
6.0,Action
6.0,Action
6.0,Comedy
6.0,Action
6.0,Drama
6.0,Drama
6.0,Comedy
6.0,Action
6.0,Action
6.0,Drama
6.0,Comedy
6.0,Comedy
6.0,Comedy
6.0,Comedy
6.0,Action
6.0,Drama
6.0,Drama
6.0,Drama
6.0,Action
6.0,Drama
6.0,Comedy
6.0,Comedy
6.0,Comedy
6.0,Action
6.0,Drama
6.0,Comedy
6.0,Drama
6.0,Action
6.0,Action
6.0,Comedy
6.0,Action
6.0,Drama
6.0,Comedy
6.0,Comedy
6.0,Drama
6.0,Drama
6.0,Drama
6.0,Comedy
6.0,Comedy
6.0,Drama
6.0,Drama
6.0,Drama
6.0,Comedy
6.0,Comedy
6.0,Action
6.0,Comedy
6.0,Comedy
6.0,Comedy
6.0,Comedy
6.0,Action
6.0,Drama
6.0,Drama
6.0,Action
6.0,Drama
6.0,Comedy
6.0,Drama
6.0,Comedy
6.0,Drama
6.0,Drama
6.0,Comedy
6.0,Drama
6.0,Comedy
6.0,Drama
6.0,Action
6.0,Comedy
6.0,Comedy
6.0,Drama
6.0,Drama
6.0,Drama
6.0,Comedy
6.0,Comedy
6.0,Drama
6.0,Action
6.0,Drama
6.0,Drama
6.0,Drama
6.0,Action
6.0,Action
6.0,Drama
6.0,Action
6.0,Action
6.0,Action
6.0,Comedy
6.0,Comedy
6.0,Drama
6.0,Comedy
6.0,Action
6.0,Drama
6.0,Action
6.0,Drama
6.0,Action
6.0,Drama
6.0,Comedy
6.0,Drama
6.0,Comedy
6.0,Action
6.0,Action
6.0,Drama
7.0,Action
7.0,Action
7.0,Comedy
7.0,Action
7.0,Action
7.0,Action
7.0,Action
7.0,Action
7.0,Action
7.0,Action
7.0,Action
7.0,Action
7.0,Action
7.0,Action
7.0,Action
7.0,Action
7.0,Drama
7.0,Action
7.0,Action
7.0,Action
7.0,Action
7.0,Action
7.0,Action
7.0,Action
8.0,Action
8.0,Comedy
8.0,Action
8.0,Action
8.0,Drama
8.0,Drama
8.0,Action
8.0,Action
8.0,Comedy
8.0,Action
8.0,Action
8.0,Action
8.0,Action
8.0,Drama
8.0,Action
8.0,Action
8.0,Action
8.0,Drama
8.0,Action
8.0,Action
8.0,Comedy
8.0,Action
8.0,Action
8.0,Drama
8.0,Drama
8.0,Drama
8.0,Drama
8.0,Action
8.0,Action
8.0,Comedy
8.0,Action
8.0,Action
8.0,Action
8.0,Action
8.0,Comedy
8.0,Comedy
8.0,Comedy
8.0,Drama
8.0,Action
8.0,Comedy
8.0,Drama
8.0,Action
8.0,Drama
8.0,Action
8.0,Comedy
8.0,Drama
8.0,Action
8.0,Action
8.0,Action
8.0,Action
8.0,Action
8.0,Action
8.0,Action
8.0,Comedy
8.0,Action
8.0,Drama
8.0,Comedy
8.0,Drama
8.0,Comedy
8.0,Action
8.0,Action
8.0,Action
8.0,Drama
8.0,Drama
8.0,Comedy
8.0,Action
8.0,Action
8.0,Action
8.0,Drama
8.0,Comedy
8.0,Comedy
8.0,Action
8.0,Comedy
8.0,Action
8.0,Action
8.0,Action
8.0,Action
8.0,Action
8.0,Drama
8.0,Comedy
8.0,Action
8.0,Action
8.0,Action
8.0,Action
8.0,Drama
8.0,Drama
8.0,Action
8.0,Comedy
8.0,Drama
8.0,Action
8.0,Comedy
8.0,Action
8.0,Action
8.0,Action
8.0,Comedy
8.0,Drama
8.0,Action
8.0,Comedy
8.0,Drama
8.0,Action
8.0,Comedy
8.0,Comedy
8.0,Comedy
8.0,Drama
8.0,Action
8.0,Action
8.0,Comedy
9.0,Action
9.0,Drama
9.0,Comedy
9.0,Drama
9.0,Comedy
9.0,Comedy
9.0,Action
9.0,Comedy
9.0,Comedy
9.0,Drama
9.0,Action
9.0,Drama
9.0,Comedy
9.0,Drama
9.0,Action
9.0,Comedy
9.0,Drama
9.0,Comedy
9.0,Drama
9.0,Comedy
9.0,Comedy
9.0,Drama
9.0,Action
9.0,Comedy
9.0,Drama
9.0,Comedy
9.0,Comedy
9.0,Action
9.0,Comedy
9.0,Action
9.0,Action
9.0,Action
9.0,Drama
9.0,Action
9.0,Drama
9.0,Action
9.0,Comedy
9.0,Action
9.0,Drama
9.0,Action
9.0,Action
9.0,Comedy
9.0,Comedy
9.0,Action
9.0,Comedy
9.0,Action
9.0,Comedy
9.0,Action
9.0,Comedy
9.0,Drama
9.0,Action
9.0,Action
9.0,Action
9.0,Comedy
9.0,Action
9.0,Action
9.0,Comedy
9.0,Action
9.0,Comedy
9.0,Action
9.0,Comedy
9.0,Comedy
9.0,Comedy
9.0,Action
9.0,Comedy
9.0,Comedy
9.0,Drama
9.0,Action
9.0,Drama
9.0,Action
9.0,Action
9.0,Drama
9.0,Comedy
9.0,Action
9.0,Drama
9.0,Comedy
9.0,Action
9.0,Drama
9.0,Comedy
9.0,Drama
9.0,Comedy
9.0,Comedy
9.0,Drama
9.0,Comedy
9.0,Drama
9.0,Action
9.0,Drama
9.0,Comedy
9.0,Comedy
9.0,Comedy
9.0,Drama
9.0,Drama
9.0,Comedy
9.0,Comedy
9.0,Drama
9.0,Comedy
9.0,Drama
9.0,Action
9.0,Drama
9.0,Drama
9.0,Drama
9.0,Comedy
9.0,Action
9.0,Action
9.0,Action
9.0,Drama
9.0,Drama
9.0,Drama
9.0,Drama
9.0,Drama
9.0,Action
9.0,Comedy
9.0,Action
9.0,Action
9.0,Action
9.0,Comedy
9.0,Drama
9.0,Action
9.0,Comedy
9.0,Action
9.0,Action
9.0,Comedy
9.0,Action
9.0,Drama
9.0,Drama
9.0,Drama
9.0,Drama
9.0,Comedy
9.0,Action
9.0,Drama
9.0,Comedy
9.0,Action
9.0,Drama
9.0,Drama
9.0,Drama
9.0,Action
9.0,Drama
9.0,Action
9.0,Comedy
9.0,Comedy
9.0,Action
9.0,Drama
9.0,Drama
9.0,Drama
9.0,Drama
9.0,Action
9.0,Comedy
9.0,Comedy
9.0,Action
9.0,Action
9.0,Comedy
9.0,Drama
9.0,Drama
9.0,Comedy
9.0,Drama
9.0,Comedy
9.0,Action
9.0,Action
9.0,Drama
9.0,Drama
9.0,Action
9.0,Action
9.0,Comedy
9.0,Drama
9.0,Action
9.0,Comedy
9.0,Action
9.0,Drama
9.0,Comedy
9.0,Comedy
9.0,Comedy
9.0,Comedy
9.0,Action
9.0,Comedy
9.0,Comedy
9.0,Drama
9.0,Action
9.0,Drama
9.0,Drama
9.0,Comedy
9.0,Action
9.0,Drama
9.0,Action
9.0,Comedy
9.0,Action
9.0,Drama
9.0,Action
9.0,Action
9.0,Action
9.0,Comedy
9.0,Action
9.0,Comedy
9.0,Drama
9.0,Action
9.0,Comedy
9.0,Drama
9.0,Drama
9.0,Drama
9.0,Comedy
9.0,Comedy
9.0,Drama
9.0,Comedy
9.0,Comedy
9.0,Comedy
9.0,Action
9.0,Action
9.0,Comedy
9.0,Comedy
9.0,Drama
9.0,Comedy
9.0,Drama
9.0,Action
9.0,Comedy
9.0,Action
9.0,Action
9.0,Drama
9.0,Drama
9.0,Comedy
9.0,Drama
9.0,Drama
9.0,Comedy
9.0,Drama
9.0,Comedy
9.0,Drama
9.0,Action
9.0,Action
9.0,Action
9.0,Drama
9.0,Comedy
9.0,Drama
9.0,Comedy
9.0,Action
9.0,Comedy
9.0,Drama
9.0,Drama
9.0,Action
9.0,Drama
9.0,Comedy
9.0,Drama
9.0,Comedy
9.0,Comedy
9.0,Action
9.0,Drama
9.0,Comedy
9.0,Drama
9.0,Drama
9.0,Action
9.0,Drama
9.0,Comedy
9.0,Drama
9.0,Drama
9.0,Action
9.0,Action
9.0,Comedy
9.0,Comedy
9.0,Comedy
9.0,Comedy
9.0,Comedy
9.0,Comedy
9.0,Drama
9.0,Comedy
9.0,Action
9.0,Comedy
9.0,Comedy
9.0,Comedy
9.0,Action
9.0,Comedy
9.0,Action
9.0,Comedy
9.0,Action
9.0,Drama
9.0,Comedy
9.0,Comedy
9.0,Action
9.0,Drama
9.0,Drama
9.0,Drama
9.0,Action
9.0,Comedy
9.0,Comedy
9.0,Comedy
9.0,Drama
9.0,Comedy
9.0,Drama
9.0,Action
9.0,Comedy
9.0,Action
9.0,Comedy
9.0,Drama
9.0,Comedy
9.0,Action
9.0,Drama
9.0,Drama
9.0,Drama
9.0,Action
9.0,Drama
9.0,Comedy
9.0,Action
9.0,Drama
9.0,Drama
9.0,Comedy
9.0,Comedy
9.0,Drama
9.0,Action
9.0,Comedy
9.0,Action
9.0,Comedy
9.0,Drama
9.0,Action
9.0,Action
9.0,Drama
9.0,Action
9.0,Action
9.0,Action
9.0,Action
9.0,Drama
9.0,Drama
9.0,Comedy
9.0,Comedy
9.0,Action
9.0,Comedy
9.0,Drama
9.0,Comedy
9.0,Action
9.0,Drama
9.0,Comedy
9.0,Drama
9.0,Action
9.0,Comedy
9.0,Action
9.0,Comedy
9.0,Action
9.0,Drama
9.0,Action
9.0,Comedy
9.0,Comedy
9.0,Comedy
9.0,Comedy
9.0,Comedy
9.0,Drama
9.0,Drama
9.0,Drama
9.0,Drama
9.0,Comedy
9.0,Drama
9.0,Drama
9.0,Drama
9.0,Action
9.0,Drama
9.0,Drama
9.0,Comedy
9.0,Comedy
9.0,Drama
9.0,Drama
9.0,Drama
9.0,Comedy
9.0,Drama
9.0,Comedy
9.0,Drama
9.0,Comedy
9.0,Drama
9.0,Drama
9.0,Comedy
9.0,Drama
9.0,Drama
9.0,Action
9.0,Comedy
9.0,Comedy
9.0,Action
9.0,Action
9.0,Comedy
9.0,Comedy
9.0,Drama
9.0,Comedy
9.0,Drama
9.0,Action
9.0,Drama
9.0,Comedy
9.0,Comedy
9.0,Drama
9.0,Comedy
9.0,Action
9.0,Comedy
9.0,Comedy
9.0,Action
9.0,Action
9.0,Drama
9.0,Comedy
9.0,Drama
9.0,Action
9.0,Action
9.0,Drama
9.0,Drama
9.0,Drama
9.0,Drama
9.0,Drama
9.0,Comedy
9.0,Comedy
9.0,Comedy
9.0,Comedy
9.0,Action
9.0,Drama
9.0,Action
9.0,Action
9.0,Drama
9.0,Drama
9.0,Drama
9.0,Action
9.0,Drama
9.0,Comedy
9.0,Comedy
9.0,Drama
9.0,Action
9.0,Comedy
9.0,Drama
9.0,Action
9.0,Drama
9.0,Drama
9.0,Drama
9.0,Action
9.0,Drama
9.0,Action
9.0,Action
9.0,Drama
9.0,Comedy
9.0,Comedy
9.0,Action
9.0,Comedy
9.0,Drama
9.0,Action
9.0,Drama
9.0,Drama
9.0,Comedy
9.0,Comedy
9.0,Comedy
9.0,Comedy
9.0,Drama
9.0,Comedy
9.0,Action
9.0,Drama
9.0,Comedy
9.0,Drama
9.0,Comedy
9.0,Drama
9.0,Drama
9.0,Drama
9.0,Action
9.0,Comedy
9.0,Comedy
9.0,Comedy
9.0,Comedy
9.0,Drama
9.0,Comedy
